id,user,date,timestamp,text,classUgxHn0w2qZOQbdRrVvl4AaABAg.8ZqwBkv1s0U8ZqxBAucS-s,Righty Whitey Cracker,1 month ago,1.51104E+12,Jeff Lock You're such an amateur. _Ÿ˜‚,SEUgyQgvCLNsSD5wm4L5J4AaABAg.8ZxZ57mrwFz8ZxdpuivtOB,Static Core,4 weeks ago,1.51077E+12,But if you had loved ones in a country where human rights violation occurs it would be a different story. Keyword Human Rights meaning it's the world's business. Despite what you think.,DCUgxVs8z68-X4J7beQeR4AaABAg.8_42EiJoC1S8_42Xf5DqZq,MRostendway,1 month ago,1.51099E+12,Marc Touss Most women aint shit and dont have the natural beauty our sister alicia has.,SEUgz3ZfeUzlOX1JovZdF4AaABAg.8ZyYIk3nwTV8ZyZ4eyNAaT,Mayo,1 month ago,1.51E+12,Have you even seen what real cancer looks like?,SEUgxFCMmS7KmtnpyWr314AaABAg.8ZvyFrq8fRy8Zwo6aS-ac1,occupynewparadigm,4 weeks ago,1.51E+12,You mean the people that watch Alex Jones and are alt-light/right aren't WOKE? They keep telling me they are woke.,SEUgxq4LFn-wTgv2YrAtp4AaABAg.8Zw1aX35hmm8ZxS3Iqez2S,Julian Garcia,4 weeks ago,1.51E+12,GreatPoint,SEUgzAYARJpqpUM4pvBTB4AaABAg.8Zx0OG6OnAR8Zx0iDMw9Ah,Rashad Phelps,4 weeks ago,1.51077E+12,robot1337 does,SEUgxTFilrzvMfTeChAyV4AaABAg.8ZyMorBEMfk8ZyQuLbyXMJ,juan kerr,1 month ago,1.511E+12,"rocky19421, Awesome,Lmao,regards from Scotland,keep up the great work Sir.",SEUgwp_hnH9Zax7KxLS814AaABAg.8ZxO9dUiqzy8ZxWPz70-Gw,_’_°_»ÑŒ_ºÑ–Ñ€Ñ‹ÑèX_±_»_µ_´__Ñ‹,1 month ago,1.51103E+12,"Tal Moore you seem to have a problem, I'm sorry Taylor Swift is more beautiful than you",SEUgxKHreOn2mIceRCNtF4AaABAg.8ZuFVaWh1Dn8ZuVNEYq7v_,Ivan Salgado,1 month ago,1.51104E+12,"And idiots shouldnâ€™t be allowed online, but here you are.",SEUgxJgCwb8PPPogbC2sJ4AaABAg.8_7_BObRybR8_88VsB-iIG,TheStoneSpiral,1 month ago,1.51099E+12,"+Joel Bell  That doesn't help with older guns, or what if the lock is lost?  What bout locking storage cabinets or lock boxes?  What did you think your comment was going to accomplish?  That's like having a conversation about children swallowing toxic materials and ignoring a need for cabinet locks so kids don't swallow cleaners by saying 'it's fine, pill bottles are child proof now.'",DCUgxREt3XssTbmxfMUJd4AaABAg,LabTech,1 month ago,1.51099E+12,"Please Ana, you're fooling nobody.Â  You wear caked on makeup, you had a nosejob, your outfits sometimes stretch the boundaries of professional limitations, and your mouth would've gotten you fired countless times if Cenk hadn't given you his balls years ago.Â  If you want to prove this means nothing to you, then I hereby lay down this challenge:Â  spend ONE day on air without any makeup whatsoever.Â  

Style your hair, wear whatever you want, but make sure there's nothing on your face or skin, and prove to us that 1) you don't look like a cadaver and 2) you're totally not bothered by it or what people might think about it.Â  I guarantee you that won't happen, because you made an entire clip about how it doesn't bother you, only proving that it does; this entire clip is just a smokescreen for you to poison the well regarding this app.

Even though the tweets were fake, the greater point is that way too many of you can see you saying this sort of thing for real, you just wouldn't because you don't want people to KNOW this is making a lot of fake girls worried.Â  Shame is always the first tactic a woman will use to dismiss a rational argument.",SEUgxUoKpH8kxCPlVB1YZ4AaABAg.8ZxSe6Ff2fp8ZyO7r5O2fO,Bernadette Hurst,4 weeks ago,1.51077E+12,Don You still don't see the difference between a joke and assault. Maybe you need to work on your sense of humor.,SEUgxpcCmHXiFHmYkB4WF4AaABAg.8ZsfzTFchit8ZtqQ6G6-Mw,Elizabeth Fowler,1 month ago,1.51104E+12,"sdrawkcabgnipytmi
I am by no means saying that every man is a rapist, very sorry if there was a misunderstanding. As I said in an earlier post, we have to examine the historical mindset and behaviors by men that have been acceptable in all cultures, religions and industries until this watershed moment.",SEUgwWUZ7HUosLxhKnMzN4AaABAg.8ZvYKP5Gb0Y8ZwNIzSyk3e,Renegade MS,1 month ago,1.51103E+12,"samiamrg7 But you want all of these social programs, welfare, unemployment benefits, and safety nets etc. How about actually DO something instead living at the expense of the other people.

With that scenario you just described, that's why we should support of making a tax code as simple as possible for EVERYONE! The reason why people aren't seeing their wages increased is because of a convoluted tax code, financial advantages such as corporate loopholes, the immigration process isn't contained, no competition whatsoever, burdens in general! As I said, if we get rid of corporate loopholes and reduce taxes and regulations and AND! Containing immigration, we will see results.

In terms of these leeching off of government programs, I don't see any economic advantages in regards to that.

If federal government wants a booming economy and I want lower taxes, we can engage in that process. In result, I pay lower taxes so, my life isn't arduous in exchange for investing into my business and hiring people and competing in the economy, which the government wants. Consensus.

If we look at this way, the federal government wants to raise taxes, and I don't get anything in return.... But, they take more money away from me. That's not consensus, that's exploitation.",DEUgw9Ev4r3hu9bzDlnRJ4AaABAg,hot cheetos,1 month ago,1.51E+12,nick crompton who?,SEUgwn7jh-OOOYMNVav5N4AaABAg.8_5XryBQOqj8_94re-1lsA,Gentlemen Of Fortune,4 weeks ago,1.51117E+12,Obviously Andrew You could always leave.....if you can afford it.,SEUgzLGQQzE77EKwod_ct4AaABAg.8ZvsuWh8Iob8Zvtc9LGbYa,Nathan Drake,1 month ago,1.5106E+12,"That's nothing. She said we need a ""final solution"" for Muslims.",SEUgxmvcmIEdbpWMoPdi14AaABAg.8_2W6LLHlhQ8_2o0FLwCAV,Sidney Monkey,1 month ago,1.51E+12,"It's pretty weak.... both women who've come forward have ties to hannity, o'reily, and ofc murdoch.. the first one talks about a kiss nobody can verify.. and the picture is crude and distasteful.. can't argue that... I could argue that a poorly thought out joke doesn't rise to the level of molestation trump himself has admitted to... but that would be whatabouting and I'm not about that... The second ""victim"" says Al called her on the phone 3 times to talk about a piece they'd done on air where she bullshitted some figures and he wanted her to admit she was wrong.... I completely believe he wanted to argue, but I don't believe those 3 calls rose to the level of harassment... especially given that she admitted he stopped calling when she told him to.... but once again, it's all pure hearsay... That being said, if Franken has to burn in the inferno of feminism, so be it... And let EVERY man in Washington who stands so loosely accused burn so with him... We may just drain that swamp, Trump and all...",SEUgxzc1VogukQhVrDcXh4AaABAg.8ZwFgEZ8VCY8ZwKNFQYxOj,Dr. Manhattan,1 month ago,1.5106E+12,IKR?,SEUgwgGe6hVeUBIaoVJI14AaABAg.8_5VJzpK-8H8_5YXC0_9Hy,d brown,1 month ago,1.51099E+12,"1. Cite your source for these statistics.
2. What the hell does that have to do with this video?",SEUgzpj0jdKgqVIHbT1iJ4AaABAg.8Zv6q1fHQDp8ZvCKrfF-d_,Simon 's,1 month ago,1.51103E+12,"Are you sure about that, the democrat party had to be bail out by Hillary, LOL!!!!",SEUgx5VjZtUgrxIzA9mu94AaABAg.8ZvxLlMFgwI8Zx9VXMsUZL,Oleg Gnashuk,4 weeks ago,1.51E+12,He looks like Steve Wozniak's angry shitty cousin.,SEUgw-IO9iMTqaql7y85x4AaABAg.8_JH4tY_MMZ8_JiXEESGS2,OisÌ_n Boland,1 month ago,1.51E+12,Fearl of course you make it a race problem,SEUgwA2KKrU2zms8_rWD14AaABAg.8_5-lAIic9u8_56D6KN8Yq,First lady Princest Ivanka,1 month ago,1.51099E+12,Common ass troll says what.,SEUgyk4bisibXrUlYqEN94AaABAg.8_6auR22H_v8_7d7So45hr,MrVeggie247,1 month ago,1.51099E+12,"Pablo Herasme The  statistics are clear and undeniable.
Fear for your fellow man causes you to cling to your guns.
While you are less save then other western nations.
Because of said fear.",SEUgxpcCmHXiFHmYkB4WF4AaABAg.8ZsfzTFchit8ZvWCSof_7M,sdrawkcabgnipytmi,1 month ago,1.51104E+12,"Elizabeth Fowler
Thanks for your answer. I understand where you're coming from and I agree that the underlying causes of such behaviors should be understood. 

I still think you're missing the point i was trying to make however. (I'll ignore the fact that women do rape as well and that this kind of rape will almost certainly be the most under-reported kind).  If you have behavior A and you determine that most instances of it occur in group Y, BUT only a very small amount of the members of group Y partake in behavior  A, you've not said anything particularly useful. In such a case, you CANNOT say that being part of group Y is the relevant factor here. The vast majority of group Y have no relation to behavior A. 
In other words, it's NOT ""a man thing,"" since the vast majority of men don't partake in it (not to mention that it isn't just men doing it in the first place). A much more likely common denominator would be something like scoring low on empathy tests or  tending towards being something like a sociopath.",DCUgzxq_80WdUZpMFVQ4B4AaABAg,Don,1 month ago,1.51096E+12,I said a week or two ago that Travolta probably wasn't sleeping well.  He's been propositioning men in gyms/fitness centers at 2 in the morning for years.,SEUgybLjahYZEy3h7MXlJ4AaABAg,Mr. Clean,1 month ago,1.51103E+12,I can only hope it makes it difficult or impossible for outsourcing companies to do business there.,SEUgynYmaKgGaKpqZnpZ54AaABAg,Gadsden Runningwater,1 week ago,1.51302E+12,The Prager University ad that played before your garbage video contained more factual information and intelligence in 25 seconds than you did in your entire brainwashed tirade.,SEUgxxE5PlCbjZ-5bHC714AaABAg,bill spiva,1 month ago,1.51E+12,"You can't win liberals!_ LOL_ Trump is president, we run this shit now!",SEUgwTWodxsGlXG11J2E94AaABAg.8ZwI48esANw8ZwWe9Co2lS,r pray,4 weeks ago,1.51077E+12,Dr. Manhattan I actually did used to like TYT; They've become shit tho.,SEUgxsVkGYNUqIYwlwLZR4AaABAg.8ZyiTNPiHHU8ZynR2aHdB2,Kareem Colebrooke,1 month ago,1.51096E+12,"Struggle Gaming they only raping the ones that want to be raped, they choosing the right ones because I would burn down the house and they family if they mess with mines",SEUgyvbgWhYdQH5Ry8WFl4AaABAg.8_DToe3N_dz8_UD5vNykBx,Gentlemen Of Fortune,2 weeks ago,1.51238E+12,Garrett Holland It should be blatantly obvious she could care less about America. That alone should be more than enough to dismiss her opinions.,DCUgzgS9SUUgS7W6g0Fut4AaABAg.8ZvmpUkq6Jp8ZvoTB3Ef0P,123gwf,1 month ago,1.511E+12,Trump is a real American.,SEUgzap06GW3_Pvkt7SZp4AaABAg,Saurav Arya,1 month ago,1.51099E+12,What's wrong with Ana's voice,SEUgwVXj7ODdDRth2k6Pt4AaABAg.8ZxlqrNxSuv8_-A2WT8zoS,Mikey Metric,4 weeks ago,1.51077E+12,Comment of the year!!!,SEUgyCGFhegly_1ek11NF4AaABAg,riuenton,4 weeks ago,1.51077E+12,shut up! get your facts right!,SEUgxe3QYVZA9FJSfepmV4AaABAg,UTubeHobby,1 month ago,1.51E+12,"Hmm..so I support Moore, at the moment, because all we have is statements from people. No real evidence just he said she said. Also because one mother has stated that her daughter lied. How terrible of me to go along with the innocent until proven guilty rule. I am no pedo and it doesn't make me one for wanting everyone to get a fair trial. The old turks are pure garbage. Dangerous. Cancer and not worth a dime for their convenient judgement.  I remember reading online a couple of years ago the Cenk had an affair. I wonder what he would do if that chick came forward, today and said that he took advantage of her. Yeah. Well if that does happen, Cenk in my mind you are a pedo. The moment someone accuses you, remember it's true. IMO!",SEUgzo8tuhyP7oVWzb_Cd4AaABAg,Ivan Johnson,1 month ago,1.51099E+12,"If his name was Tyrone or Mohammed, I kinda think the cops would've found the courage to have moved on this walking red flag.",SEUgzLiOOLz8hQanclTkd4AaABAg,Little Bigman,1 month ago,1.51099E+12,Maybe investigator Muller will get Donald Jr as a trophy...cross fingers.,SEUgxGFcUuUJWPDFwXivt4AaABAg.8ZxJSCp6MLp8_32OTEHvJe,zammmerjammer,1 month ago,1.51104E+12,"+Lordlittletoe q Maya DID justify rape, as she implied that rape is inevitable unless women live out their entire lives inside of titanium panic rooms. Entering any public space and, YES MAYA, having a FEMALE FORM, that is the outline of a boob (gasp!) or an ankle (gasp!) or a bare shoulder (gasp!) or a female body in any way, is basically a catalyst for rape.
You're saying rape happens because of the mere physical existence of women, that all it takes for rapists to rape is the triggering presence of a women, and that men are all just rape-bots in sleep mode. When, IN REALITY, rapists rape for the same reasons any other criminal commits a crime -- opportunity and the likelihood they'll get away with it.",SEUgyG_1xUA9kx4w25gGd4AaABAg.8_68kr86WQX8_6K-yVOe3B,Joseph Jenson,1 month ago,1.51099E+12,"but you're missing the point, it doesn't matter how altruistically benevolent your intentions are, there will always be those who will identify and use that benevolence to your disadvantage. people forget that the entire reason the second amendment exists is because at one point the citizens of our nation had to violently cast off the shackles of an oppressive government.",DCUgzWroDYoDZO-NDDZZx4AaABAg.8ZvaX-Adhnr8a-jdWFNziE,The Hypnotoad,1 week ago,1.51302E+12,liberty2014 - neither should the government offer the top earners the means to pay less than their share.,DCUgw_jZFdoG1If3zqNa14AaABAg.8_42vrKcyFJ8_43o_7Ft9m,Alex,1 month ago,1.51099E+12,"Modars Esekil haircut, trim beard, cure acne, Change glasses.
Also it's a bit childish, us men can't wear makeup so females can't too?",SEUgwOdWD6WK57rM55pZJ4AaABAg.8_2_i4CMmRT8_4xVcAH2xs,Vegan4life,1 month ago,1.51099E+12,You are Here I think my primordial past instincts are starting to kick in I am about to slay a human that is not part of my pack.,SEUgy-rs3wEp4SoGjZaDZ4AaABAg.8_5RBkoJOnq8_5a_c2wrPS,B. Chan,1 month ago,1.51099E+12,"FBI: White people commit more crimes than any other group in america

White ppl: OFISSA PLEEZ WE DINDU NUFFIN SUH PLEEZ",SEUgwv9laGwmI7iSL4eg54AaABAg.8ZyTRSzTFLS8ZyULJh29Fe,Smooth kriminal,1 month ago,1.51096E+12,"Duntae Macklin Roy, Ray..Rapist...You pick whats suits you!",SEUgyA7N0SMfhXh6jqYEB4AaABAg.8_2Vo7p6aBO8_71FSY38Cj,bdawggification,1 month ago,1.51E+12,"Martin Armenta We shouldnï¿_Ûªt live in a society that condones or sweeps everything under the rug. Party affiliation doesnï¿_Ûªt matter. Who cares what a scumbags party affiliations are??? Also I think this situation is a little different than a pedophile running for public office, donï¿_Ûªt you?",DCUgy3u6qR_mhmoGW_Me54AaABAg.8_6izd2BV1w8_6qDiJkcux,Pablo Herasme,1 month ago,1.51099E+12,Smecksee background checks arenâ€™t the only things anti gunners want,SEUgwYEGQBQ-9yeRvSlvV4AaABAg.8Zync3LBfmW8Zz8-wNV7kb,Samantar Samantar,1 month ago,1.51E+12,M Umo I think you must be a pedophile yourself,SEUgzAs5DD-a47Clyj5cx4AaABAg.8_2Va5HMSDz8_2t2hwXfxg,stan_sprinkle,1 month ago,1.51E+12,"What are you talking about? She's a famous model. I know her from the 90's when she was on ESPN's ""Body Shaping"" with Kiana Tom. She was in Playboy, she was an ESPN host for a while.",SEUgyTOWTtLyqry-O2knp4AaABAg.8Zx2z7eBNm-8ZynjtBJWG3,SuperBlahmaster,4 weeks ago,1.51077E+12,"Google ""whataboutism"".",SEUgyjq842mdCfhow46Vx4AaABAg.8_-9izsRW4o8_-CQpVGqSt,Se_n O'Nilbud,1 month ago,1.51E+12,Run along cabbage your window needs licking.,SEUgwHqzEMewjMtgvRr4p4AaABAg.8Zv1nK0Yjnc8Zv4VQbxK2U,moismyname,1 month ago,1.51103E+12,"Still posting that all over the place in hopes that one day someone will disagree with you so that you can then call liberals racist? What a sad, pathetic life you must have.",SEUgxsi-Ixhd3pVDRXe9d4AaABAg,Violine,1 month ago,1.51E+12,"I'm not sure if I'll learn anything new in this particular video, I'll get back to you after I've seen it.",SEUgzibD-PtkUrd12uPUV4AaABAg.8_1aPIJRA8E8_1bMv6LKLE,Dwight Schrute,1 month ago,1.511E+12,You okay bro?,SEUgxFxZq0OJ1vxGcehGF4AaABAg.8Zye96HBmQc8ZyfCJhxurw,Jonathan Taylor,1 month ago,1.51096E+12,leicanoct Have you ever heard the term 'Bi-sexual'? Or can only females be bisexual to you?,SEUgzji6yvx7EvxO7GDJ14AaABAg.8ZwV-Mtwy4P8_1CX3SyVba,Sag Norm,3 weeks ago,1.51138E+12,"NO. NO. PLEASE STOP SMASHING THE MACHINES. I AM SO SORRY. YOU WERE RIGHT. ELECT MOORE.

PLEASE!!!! I BEG YOU!!! I WILL DO ANYTHING!!!! JUST DONT SMASH THE KEURIG!!!!!!",SEUgzLFfWSgO7vOpCE4SV4AaABAg.8ZunJr2IIqf8ZusgOvsnod,Jasminewynja,1 month ago,1.51103E+12,+theprince08853 That's too much of information for the people who are reading the tabloids as if they were their bible.,SEUgyBa8-sMHF-_jNRLgp4AaABAg.8_5KOYab0k-8_5VFX6OGo3,car1988,1 month ago,1.51099E+12,"You mean the same terror watch list that little kids have been put on, the same list Ted Kennedy was put on at one point. Stop promoting the tyranny of the masses.",SEUgwNrm6u96iqkZT0qAZ4AaABAg.8Zu1KF6TU1r8ZuJmDrvzPu,Clair Duffy,1 month ago,1.51103E+12,Angry Misanthropist Freak  This is what repubs do. They are the party for the rich. Well known fact.,SEz23ddbbz2tmms3si404t1aokgu5rntnaq34klmngw3vbbk0h00410,Floyd Schneider,1 month ago,1.51E+12,"Trumpäó»s Black Ex-Girlfriend Doesnäó»t Think Heäó»s Racist Kara Young said it was äóìnot my experienceäóù that the future president was a White supremacist sympathizer.

Written By Nigel Roberts
Posted 3 days ago



Yes, President Donald Trump, who gave legitimacy to White supremacist groups, dated a Black woman.

Kara Young, who is biracial, was Trumpäó»s girlfriend for two years in the 90s. Sheäó»s surprised that her ex-boyfriend is up to his neck in racial controversy. äóìI never heard him say a disparaging comment towards any race of people,äóù she told the New York Times.

Trump noticed Young, a model about 20 years younger than him, at a party in the Hamptons. He pursued her, and they began dating around 1997.

Young, who has a Black mother and a White father, told the newspaper that she never hid her race from him.

Sheäó»s äóìhorrifiedäóù by his comments on the violence in Charlottesville, in which Trump asserted a moral equivalence between White supremacists and anti-racism counterprotesters.

Thatäó»s not the Donald Trump that Young knew. She emphasized, äóìThat was not my experience.äóù

While Trump didnäó»t have close friendships with African Americans, Young said he courted Black celebrities, which to her indicates that he is open-minded.

äóìItäó»s definitely easier to be with your own kind. Itäó»s easier for everybody, so if someone is super, super special and super, super interesting you can take them out,äóù she told the newspaper. äóìI think it was very interesting to him to meet and hang out with Russell Simmons and meet Sean Combs.äóù

At the same time, Young admitted that her ex-boyfriend knew little about other cultures and leaned toward stereotypes.

She recalled his surprise that Black people would flocked to the U.S. Open tennis tournament to watch the Williams sisters play. He had no clue that African Americans were interested in the sport.

SOURCE: New York Times",SEUgyyWp8m2yd0p4gHfEp4AaABAg.8_5Hwkl6ahA8_5aHvadh3i,Barry Butters,1 month ago,1.51099E+12,Hendrik van Leeuwen People making 100k- 250k and up to million/billionaires  contribute all but roughly  20% in taxes paid to the government,SEUgwr0Y0hKI-O9ZzqHrN4AaABAg.8ZxPP8f_WJ98ZxcDJZCUwJ,Christine D.,4 weeks ago,1.51077E+12,"I'm proud of Trudeau for this. While we cannot directly interfere, we can say something. Its not anything to laugh at.",SEUgz4kCbaWk76-wnTvNl4AaABAg.8_IIbheX4xE8_JXvW5ByNH,Shiftless Lazycrat,1 month ago,1.51E+12,"If you spend less money wasting and repurchasing food, you could give more money to charity that feeds the hungry. Save more resources to share more resources, simple.",SEUgzAs5DD-a47Clyj5cx4AaABAg.8_2Va5HMSDz8_2lSDKUxwN,Brian Tan,1 month ago,1.51E+12,LegendLength victim of a joke?,SEUgwlDWI4Lk54EzaX-lx4AaABAg.8_0GLajUDXb8_0Im2bMbGD,bigvirgotube,1 month ago,1.511E+12,Many of those metals are imported. Though.,SEUgyer_gewXMfZY4MK1t4AaABAg.8Zvy2nVYrze8Zw1UvRO0KY,Duane Locsin,1 month ago,1.51E+12,"Hal Jordan damn straight.

Bernie ‰ÛÏget money out of politics‰Ûù Sanders 2020!

If I can only pick one issue to focus or vote on, it will be that.
I believe it will have a domino effect on many other issues that have been ailing the country for decades.

Root out corruption at the top.

I also believe this is something both ends of the political spectrum of voters can agree and unite on.",ACUgzesEwFnh6yukL1u1N4AaABAg.8_JTE_T1PLG8_MSnUGGSWq,_Ï_ü_È_µ__ _Ô_¡________,1 month ago,1.51E+12,I not understand. Me be indian.,SEUgyyIyNOMmfXG9iZdqF4AaABAg.8ZrSLxehWX58ZrVmLrPdkF,Trend House,1 month ago,1.51103E+12,"Because people want to consume and that takes a lot of energy. More people, more energy needed. And it's not a ""fuel choice"", there are no viable alternatives to fossil fuels, even ones like coal, in many places. We killed nuclear, and renewables don't work.",SEUgxPiyXUo2OMciQIz894AaABAg.8_5quSQMP9d8_6-G95GJnP,MrVeggie247,1 month ago,1.51099E+12,A ban from Fox is a compliment.,SEUgwIjeh_VIPoR_wvcf54AaABAg,Sonja cline,1 month ago,1.51E+12,"Had this been a picture of a republican senator doing this, I guarantee that this bunch would have had a cow!",SEUgy7aRIEiAybKXYEgTF4AaABAg.8ZwUxQpVS618ZwsS-WwvFN,Kurtis C.,4 weeks ago,1.51077E+12,"+Mike Harrington - Probably misread the death toll, which is closer to 13,000.",SEUgwus9Jm3Jm0AQy3GNZ4AaABAg,Landwy,1 month ago,1.5106E+12,Ana you are too much of a SJW on this issue. Â There is nothing wrong with a pat on the back. Â Don't confuse this with a grope.,DCUgzpFxoUzXZtSoa8ujJ4AaABAg.8Zy_iZ54RdO8ZysTYdD2Qr,SteveBern,1 month ago,1.51E+12,"What a p*nis free little twit you sound like, Roy Moore's nine times arrested son.",SEUgxx-7kVTg8hdLz6U5l4AaABAg.8_-MC9uUd5a8_0IxNd68EM,juicer67,1 month ago,1.51096E+12,"Blackatchaproduction You cared enough to respond.  Anyway, I hope you find your way out of hate.  Believe it or not, there are some white people who are decent.",DCUgzrBPkw1CKNB-9ROfN4AaABAg.8ZvrvnjOUef8Zw9gLUNeLS,Michael ë§ˆìùµíù˜ Aronson,1 month ago,1.5106E+12,"""Conserva flakes.... Worst cereal ever""

Conserva Flakes: It's not your father's cereal. Oh wait, yes it is.",SEUgypkGAKrpR8gi-2flJ4AaABAg.8Zwnom-KBlz8ZwrBaKFwii,Canner,4 weeks ago,1.51077E+12,Get over it snowflake,SEUgw3j836UTWEmLCgkdJ4AaABAg.8ZylYcyjnwn8ZznzoW77j0,maxglide,1 month ago,1.51096E+12,"dancinkindofguy sorry, no whataboutism allowed.",SEUgziLAkOe3p4yQ0JuhR4AaABAg.8ZuSL7Zcl2k8ZuWffOoB4R,OpenlyTranshumanist,1 month ago,1.51103E+12,"Jimminy Lummox brilliant, very subtle, i couldnt tell until you said the line about clinton, i almost took the bait",SEUgye_renwHB20-Wr92V4AaABAg.8ZsxP_3n2mY8ZvCQllETOI,SainterSan,1 month ago,1.51104E+12,"Jazwinskull, do you know where certainty leads to? What happens when people proclaim to be 100% right and you 100% wrong?  You end up with dogma ... inflexible ideology and a smug, superior attitude that turns people against you. You as a member of the conceited millennial progressives are one of those smug arrogant people. But try to remember, you have an OPINION, you don't know anything for sure - remember that. 

What I'm saying is these Egyptians don't need the superior values and culture of the college educated Bernie knowalls to work things out, they've had enough of Westerners interfering in their lives, esp when the subject matter is tabloid junk from TYT. Leave them alone and stick to the Pokemon.",DCUgzrd_awEE6RYPk7cCJ4AaABAg.8ZqjKFpeJXW8ZqoOEQj12V,Anirudh,1 month ago,1.51103E+12,Hal Jordan You think this redneck knows what a Strawman Fallacy is?,SEUgz60jqX-7EawTtCe1p4AaABAg.8ZyQut0JezT8ZydSqP5FhS,HerkimerSnerd,1 month ago,1.51096E+12,Lyric Guy. Just leave. Nobody is forcing you to watch this video.,SEUgztYsPEIm2BZNnoM5F4AaABAg,Andy Rodriguez,1 month ago,1.511E+12,Sensing some tension between Cenk and Ana _Ÿ_”,SEUgyP--uDDwjqo6W65lV4AaABAg.8ZvnDaWsK3W8Zvro18VB-R,Tevin Patby,1 month ago,1.511E+12,"I have a tape of Colin Silver sodomizing a German Shepard. You see what I just did there was make an outlandish claim about you without any proof, but at this point the proof isn't even needed because If I wanted to besmirch your character; now some gullible people will still believe these claims about you even in the absence of any evidence. It's a common ploy used by Intelligence agencies worldwide, I'm no fan of Trump but there's plenty of horrific things he's actually done to talk about.",SEUgzuy0n0ZYDb_QoSxp54AaABAg.8_JhngHdEgv8_KicOKQES3,MaYoNnAiSe 789,1 month ago,1.51E+12,I freeze bread and take it out at least within a few weeks  (so it doesn't get freezer burnt) and then wait about an hour and if it's stills frozen i just put it the microwave for 10 seconds and boom!,SEUgy68Of-mGQjAKy3mlp4AaABAg.8_0FkJNDJwb8_2p9xOZmRp,Praxis,1 month ago,1.511E+12,"Taran Marduk learn to how respond to people instead of screaming incoherent nonsense into the wind, you brain damaged, drooling retard. did you feast on lead chips as a kid, or were you born this stupid?",SEUgwkvww4dCzQvuFw-ld4AaABAg.8_0fjyDHS568_0qAWCWw9o,Dutch landishRDM,1 month ago,1.51096E+12,kamelryke31 so do we in the Netherlands _Ÿ˜‰,SEUgx2kVQyMc8je44G-wV4AaABAg.8ZwpXdpb4cC8ZwquETtIJu,Little Johnny,4 weeks ago,1.51077E+12,Peter Wilson amazingly hook nosed and ugly,SEUgyU0giUmoArUo6YV7N4AaABAg,sun dial,1 month ago,1.51099E+12,"Guns don't kill people , people kill people.",SEUgwgsugnAW_xtCMbKEl4AaABAg.8ZqlAj7O9Qa8ZqlymRUDeW,Seth the Wicked,1 month ago,1.51104E+12,You go to a lot of Amish cocktail parties?,SEUgyU-Fzej7dPku4N23l4AaABAg.8Zz2XyIbKAD8Zz45c0yVj6,cuekwe Jones,1 month ago,1.51096E+12,"I'd say more like: Ah, it's just ""locker room behavior."" The problem is of course that most adults grow out of locker room behavior when by the time they graduate high school.",SEUgwS_4k0P288fM5BzAd4AaABAg,Taran Marduk,1 month ago,1.51104E+12,"If I walk through the slums with money hanging out of my pockets I may attract the attention of a thief who wants to take it. 

Don't blame me, I am not responsible for my actions. Blame the thief for being a thief.",SEUgyP_B5FCyKBRPXao-R4AaABAg.8Zxqw-YIYmc8ZxrTwrjaxL,Dudethingy563,4 weeks ago,1.51077E+12,"What does that mean, I see this comment on other yt videos.",SEUgzdPBc6KTdYIwlxHy94AaABAg.8ZyxZ8mfCPy8_-JybS4aaI,Summer Solstice,1 month ago,1.511E+12,ok Vladimir. Hope weather is nice in your Russian bot center.,SEUgw_LdCuUuNivhEmuX14AaABAg.8ZydQ4AGuNY8ZydYPDEjkk,Ryan Schroeder,1 month ago,1.51096E+12,what do you wear in a sauna?,SEUgykL6V_YNybEghqgpZ4AaABAg.8ZzaknFI1k18_0CQPxQ8dG,Mat Broomfield,1 month ago,1.51096E+12,"The masseur agreed to go into the steam room  with him AFTER all this other stuff. He was either the stupidest man ever, after compensation, or as I suspect, a closet homosexual who got post sex angst and made up an assault.",SEUgwPNtmR_6BV8t4utMB4AaABAg.8ZyknRyUKKp8ZyosJ74BK0,MrKneller,1 month ago,1.51E+12,Not from me. I've disliked Keurig since way before all this mess. They're expensive and incredibly wasteful. For the price of an entire can of coffee that will get you 50 or more servings you get just a handful of servings and a bunch of unnecessary plastic waste.,DCUgyv6wiUxqZaccLHwaZ4AaABAg.8_2WZSsgUE98_2xzeE83D-,BrenttFease,1 month ago,1.51E+12,"Damian Eadie He's owned up to it and apologized already, so clearly the story is true, regardless of where it came from. I commend him for that at least.

He still doesn't get to reclaim his status as a human, though. He just gets to be near the top of the shit pile.

Sexual assault is something beyond politics. We can't tolerate it under any circumstances, and it must be exterminated at all costs. No amount of collateral damage is too much if it removes even a single sexual predator from a position of power.",SEUgwz2BrF4V52kaSiVed4AaABAg,Richard Peck,1 month ago,1.51099E+12,"makeup is designed to trigger a sexual response in men. It is literally asking for it. Have you ever heard the phrase ""Be yourself""? Sound advice. I think it's a standard countermeasure to low self esteem",SEUgy4AURjZISSO9a5GXF4AaABAg.8ZuAMGR3c6q8ZuBl7Z1XeI,gregory graber,1 month ago,1.51103E+12,coryluke12 and you are?,SEUgw0n1BcAwgFPBQcmGV4AaABAg.8ZyUlAWyMoM8ZyW0rRlAUe,Ben Grimm,1 month ago,1.51096E+12,Lancer Macman church is basically a hangout for child molesters,SEUgx7NrsK-qqi9Ez1mcd4AaABAg.8ZrUV4wyLmp8ZycSGFBR0a,unitedjt345,1 month ago,1.51104E+12,Sure sweetie after u put on a bomb vest.,SEUgyDk1_1f3oRaxX4Bed4AaABAg.8_HUyf978Qh8_Hj7dOQYts,Ironic Dutch Moonshade,1 month ago,1.51E+12,"Max Fer Indeed. After opening, bacterias enter.",ACUgyKtAIDiheWRVsdVN94AaABAg.8ZvtCW75fVm8ZvuezeanYb,Tony Hargrove,1 month ago,1.5106E+12,TTCGamer If there are credible accusations then I'm cool with it as a weapon because if it's true I say gut them.,SEUgzERptlaytnXrgMXcp4AaABAg.8ZyYn0xlky58ZyZIiTylo4,John Flannigan,1 month ago,1.51096E+12,"TYT arent journalists. They are just pretending.  Though they did hire that guy Jordan,  he is a journalist",SEUgwSANjj-ANCgCGB4cJ4AaABAg.8_6b7GyIMlr8_6fyVmOev6,sandra beeline,1 month ago,1.51099E+12,"Ken Hawk , so you're saying criminals love being locked up? Believe it or not they don't.",DCUgzToJDhoVQCq72WanF4AaABAg.8_IWEodBe4E8_JQAlKMvNV,Watanuki The Xenomorph,1 month ago,1.51E+12,TheGoldenDunsparce yes it does dont not believe them.,ACUgwrXoWmrphgbDgSkcF4AaABAg.8ZzwcamxKoB8_1xfJO1YSn,Agent Fungus,1 month ago,1.51096E+12,Larry Stran is a perfect example of why we have laws against inbreeding in the US.,SEUgwMWSd7qMhI_SeY9254AaABAg.8Zyk9DmcXmC8Zyn6uxf37V,westingtyler ideas,1 month ago,1.51096E+12,"well, maybe the latter, but also, there are cultural stigmas about men coming forward, so fewer men come forward. hopefully this is changing. but yeah, no allegations recently against high ranking women. weird.",ACUgwrVpdI2ilGwSskiI14AaABAg.8_2Y9Z0ESvS8_2YkPZ3vZs,Mlpfanboy,1 month ago,1.51099E+12,Larry Dunn oh yes they are.,ACUgzSquOTzyKAdTmv3sB4AaABAg,ranger1000,1 month ago,1.511E+12,better than just giving them away,SEUgz_HILEgo6KLAB7h1N4AaABAg.8Zvt8d2epA88Zwb5CClYHL,Edward Moran,4 weeks ago,1.51077E+12,"People with Jobs can afford new Coffe machines, more to the point a coffe machine is hardly a necessity.",SEUgyJ7rRxiP9yJsu1r7V4AaABAg.8ZyXCtWrRSI8ZykM2XsvRq,Jeremy Black,1 month ago,1.51096E+12,"This is a (repeated) terrorist attack. It is an attempt to kill people who work in Hollywood and Jews. The attack is ""Jews and Hollywood people are pedophiles""",SEUgxQKtvbCRSmsKuQoS14AaABAg.8Zqcz-Nv69v8ZqfAKfWbVf,Eric Cheese,1 month ago,1.51104E+12,Conservatives are offended because it is immoral to them. They seem ok with advocating they get raped for some reason though.,SEUgyjzJ5lKNb1Kk-cN-t4AaABAg.8ZyfyEEVq548ZygDG_Dm3K,Paradox Dea,1 month ago,1.51E+12,Jose Bill Clinton is not a hick baby-fucker. Not the same.,DCUgwBa3cjcrdWPJ98sOF4AaABAg.8ZscTpUQ4H38ZtO_9p3W1H,maya L,1 month ago,1.51104E+12,u235u235u235 -  This exchange was in Arabic and the translation is substantially correct.,SEUgyxJ91VnRoTkO-VgoV4AaABAg.8ZvoRr7_NZV8ZwqDvT9Oum,Randolph white,1 month ago,1.511E+12,Patrick McGoohan he let 1 trump secet slide to fein objectvty the lauched a full front assault on clinton,SEUgwVXfr0-oU5OqDvrvN4AaABAg.8_HU8n7ptpy8_INeQ7bM7n,Will Fitz,1 month ago,1.51E+12,"Philip Seitz if you freeze the milk, it can last you 2 years. You can thaw it out anytime before then and it will still taste fresh.",SEUgyaSoLReLo4EaIFzSN4AaABAg.8_HEENqDrI-8_HIPvF_rOW,BrothersBrooks,1 month ago,1.51E+12,"Dumpsters are not and should not be a major or reliable source of food for people. Unless you mean homeless racoons? Poor trash pandas. 
Hopefully cutting back on food waste means more food to donate to people and shelters. If you spend less getting new food you have more money to spend right?",SEUgwsem8Uz3dsJKXZCE94AaABAg.8_6y_-CJaWg8_7FM6j1V54,John Doe,1 month ago,1.51099E+12,"Yeah, people talk about Urban Decay, but no one talks about Rural Decay.",ACUgzGmihhmlyVjfqzskd4AaABAg.8_5GiglzhaY8_6F3qTTbvW,Jamie Cox,1 month ago,1.51099E+12,"The Phantom Thieves of Hearts I don't have a victimhood mentality, I'm just sick and tired of different standards being applied to blacks-and-whites when they do the same d*** thing!",SEUgyiKpcF6A3rziFqOg94AaABAg.8_3gVIRy5Tq8_Tet-crhtF,DrSher,2 weeks ago,1.51238E+12,"I think the app is a bit unfair to her, but she definitely is not an 8, well not even a 7. Maybe a 5+.",SEUgyTD1-zGWVxFPrwD7d4AaABAg.8Zz_LSakxml8ZzhBTICr71,Jasmine Tracy,1 month ago,1.51096E+12,Jason Burke Thank you!,SEUgysZ8Zt4aVeFtAKSEV4AaABAg.8_18_PJqMuX8_2BJH21ZOV,1Dispretty2me,3 weeks ago,1.51138E+12,Hysaan Govan no . . . moral people wouldn't. Moral people call sexual harassment sexual harassment regardless of gender,DCUgxxY2ck4FaigsH3vp54AaABAg.8Zsn_s-OQYz8Zt2E917hs7,Connor McGregor,1 month ago,1.51103E+12,The free market caused an extinction. And i guarantee you dont know shit about how any of those technologies came to be.,SEUgxPUAvwFVkrEo0_AVB4AaABAg.8_1ZZhJkq7M8_1sdgCJR0Z,Drink Water,1 month ago,1.511E+12,"white man invented race to praictice racism and mistreatment of non white peoples. tehre is only one race which is the white race. and scientifically they are not a race, just albino, but as the world order goes they re the only race in existence. italians and eurojews like drumpf etc got adopted as white as america evolved so they could enjoy the legal benefit of white priveileges by mistreatng people of color. like irish were given police epartment, jews wre given banks and media and italians drug and weapon trade and fire dept etc. british white used to hate irish but now in nwo there is no irish, no british, no germna, no russian, tehre is only white or non white. white is a moving target determined only by the white supremacists. regular people dont decide who is white race, or who is not

im in no poisition to define whtie race because i am a brown man, that right is reserved for the white surpemacists but white people are just albino. even my race is not defined by me but the white surpemacist, today i could be brown race, tomorrow black race or red race or yellow race, or whatever label the white supremacist wants to label me as. they decide when they will bomb me, i dont make that choice

even if white were minority in usa and they didnt kill the natives and imprison all the blacks and keep out all the mexicans and muslims etc it would still b owned by the white elites. america is just a colony of the white british empire",SEUgzwr8eRPIXgSl4fX6t4AaABAg.8Zt-CGYFXlG8ZtAr4arEpr,JA R,1 month ago,1.51104E+12,"Pepijn Lai Okay, so maybe you weren't defending... I guess the problem is that the gravity of sexual assault and abuse to the victims can be devastating and sometimes the anger from those events can be misguided towards all men, ya know? With that said, we don't blame car accident victims for being afraid of cars or soldiers for having post traumatic stress disorder and acting out, so why are we blaming women for speaking out and being strong and calling things out when they see something that is crossing the line line?
Quite frankly, it has nothing to do with men in general... It's just a world culture of acceptance of bad behavior towards others that needs to be addressed and being offended for all men is really not helpful, you know?",ACUgzploy5d1ZXMuss4vh4AaABAg,TRAP WILL,1 month ago,1.511E+12,"Get your facts right, young turds",SEUgznZwf8cnbzysqYCiN4AaABAg.8_2clq55sKQ8_2dQt2abvR,wickednwyld,1 month ago,1.51099E+12,bloodsoldierZ - Yet many companies require women to wear it. I don't bother with that crap.,DEUgxzJwBbxS20PYJR27l4AaABAg.8_KuoZABtzb8_R_zGyXAo2,Hyacinthus,1 month ago,1.51E+12,"Right, and I'm sure the person who made the comment you dislike so much would agree. But they didn't make the comment to make anyone feel bad, and chances are, that wasn't even a consequence of them making the comment. In the same way that my comment about Donald Trump's hair will likely never hurt his feelings, and hurting his feelings was not the purpose of the comment. So you're getting up in arms over nothing; an insignificant comment that hurt nobody.

And if you don't agree that morality is subjective, then you're factually incorrect. Morality is, objectively, inherently subjective. The fact that we codify morality in law does not change that.",DCUgw1n3rCodE1pKqvsBt4AaABAg,EmoGirl 2006,1 month ago,1.51243E+12,I'll be a LITTLE excited if little apple was a LITTLE more nice!_Ÿç_,SEz221dn44mmfjt3pfaacdp4301pbtpvagigfzfohvbnpw03c010c.1503348398916586,mr patrick,1 month ago,1.51E+12,Tom Saltsman don't vote for her. wtf is with the hrc rewind.,SEUgzw9lXnhh9d9U_28o54AaABAg.8Zz3vh0qfQM8ZzJnSeRfnm,Django Fett,1 month ago,1.51096E+12,jack johnson you got a source for that?,SEUgzPeTPashuGcBYoddJ4AaABAg.8ZyQiyUkIDl8ZyzPTEd4E2,Qahir Makhani,1 month ago,1.511E+12,manhunt48 - pizzagate. Next,SEUgx16cXfKLQJyv0VRT14AaABAg.8_058s64rp28_05FvW1IuM,Daniel Perez,1 month ago,1.51E+12,Fade Nightshade Fox News viewers are old and dying,SEUgyq6FJRk2It8fWJwRV4AaABAg.8_0Q4qcTjSb8_0RouZZfHb,The Iranian Liberal,1 month ago,1.511E+12,Why not let go of old grudges? We were wrong to go into Vietnam in the first place-lets fix those wrongs.,DEUgxrhBcm-mljyMnRBwJ4AaABAg.8_5PnpvMOoW8_5zoENAUUW,waterandafter,1 month ago,1.51099E+12,Fox banned him. Fox is all about middle amurika.,SEUgy7aRIEiAybKXYEgTF4AaABAg.8ZwUxQpVS618_Dvzy6XWKe,que en,3 weeks ago,1.51138E+12,"""A separate PNP data disclosed that a total of 12,833 murder and homicide cases were recorded by the PNP from July 1 last year to June 15 this year, with a total of 14,140 victims.

Of the figure, which is classified by critics as extra-judicial killings, the PNP data stated that 2,098 of the cases proved to be with motives related to illegal drugs while 2,535 cases are non-drug related.

A total of 3, 194 cases were already filed in court, wherein 1,810 of those cases are those with suspects arrested.

A total of 8,200 cases are still being investigated by the police.""",SEUgzEbbtn42FLRxYgI6N4AaABAg,Karen Walkeden,1 month ago,1.51103E+12,The young turks is the most racist show ever they hate white people.,SEUgwm9Hm0_0J0tolQQwh4AaABAg.8_HZe-pfVHF8_IhX8QZNpI,Hawk Bray,1 month ago,1.51E+12,RoseWolfz Prime he must have lived in the soviet union. Or maybe modern day north Korea.,SEUgyl_hSnbPWDKmtMdNV4AaABAg,Robert Lewis,1 month ago,1.5106E+12,"I'm not a fan of Trump or Dirty man but 100K is not correct. There is a small war going on in Mindanao but that has little to do with drugs. I don't blame Dirty man from trying to clean that up, cause it mostly Muslin terrorist that have been there a long time. They constantly kidnap people and demand really big ransom, then cut their heads off. That is something he really needs to get control off.",DEUgzDUsVhcN9HG93_6RJ4AaABAg.8_2Ub99LGov8_2ynZ_J9oY,ToBe Fair,1 month ago,1.51E+12,"re-affirming OP: this transparent professional liar leeann is a public enemy of real sex crime victims --- her self-serving lying is damaging to the cause, as OP said so well --- blurring & negating the importance of bringing to light & charging true sexual assaults.",ACUgybLjahYZEy3h7MXlJ4AaABAg.8Zr4qqxCtjs8ZrahYevzHg,Anand Shridhar,1 month ago,1.51103E+12,Lol Our citizens dont rely or have much in the way of welfare you MORON... Only farmers and thats all over the bloody world,DCUgzWvhSf2kF-FShdNld4AaABAg.8_HrgZL8Vfn8_JlXm4uR2b,DAPTXDC4869,1 month ago,1.51E+12,"Eucalyptus leaf salad, here we come!",SEUgxQFBCmCDmZIpdfhqx4AaABAg,Orange Ziggy,1 month ago,1.51096E+12,"What's sad is that Travolta could have anyone he wants but instead he preys on this young man who is just trying to make a living, trying to make him out to be just a prostitute.",DEUgyLcPTaOSGWXXMRTJJ4AaABAg.8ZvsO_ku2IA8_EVgFL2P9C,Sterling Archer,3 weeks ago,1.51138E+12,sdkeller72 if that was true clinton would have been locked away long ago but thats ok maybe he will now that him and al franken and a bunch of other liberals are the same as mor,SEUgxBQHTQLd4Njx-7BJp4AaABAg.8ZtDYUsXpYf8Zw7z9JyxGR,Curt Christensen,1 month ago,1.51103E+12,"Zotan Inoron 
I'm sure you think you are. tell us, were you in a facility for the profoundly mentally handicapped? That's the impression you give",ACUgxKdEljWyjhMLFQPo14AaABAg.8ZvyLyJ1giV8ZxH0KUEEnD,Garland5,4 weeks ago,1.51E+12,I agree. It's so crazy. This doesn't happen in Canada.,ACUgwwqfnwIqq9RYA1ZpB4AaABAg,lola bigcups,1 month ago,1.51096E+12,"Lawd, Danny Zucko out here eating groceries!",SEUgyuGmGjTm5Avph8w_54AaABAg.8_5Mh1NgXWs8_5_gldCMCv,The Phantom Thieves of Hearts,1 month ago,1.51099E+12,#NAME?,SEUgx7b3OEcw3qonZaSUJ4AaABAg.8ZtEpdz_7zm8ZtKuDUbC3R,Spence,1 month ago,1.51103E+12,Most of it has to do with burning stubble. It's hard to get farmers not to do it since it's cheap and effective.,SEUgyRoIy9XOrH_csmPVl4AaABAg.8_S0k9GnmTm8_br-1aJGLS,Garrett Holland,2 weeks ago,1.51238E+12,How does a machine gun make suicides more effective? Any gun will be sufficient to commit suicide with,SEUgwsC6idYnlKYIT6MRZ4AaABAg,Hey You,4 weeks ago,1.51077E+12,Gwb is a pedo. Look up paul bonacci interviews on youtube. It is the worlds worst secret and you will never look at politics the same. Look up tom brokaw call boy video on youtube. This is not a hoax. Bill Clinton was a president that was controlled by bush. Bill Clinton is a pedo look up Jeffery Epstein. Cenk is protecting the establishment wich means he is protecting pedo's. Look up this information. Please do for the worlds children.,DEUgwjbgd7ynzzPs6ozSp4AaABAg.8ZzK6r4W-xO8ZzLA93o3SU,Samantha Lindsey,1 month ago,1.51096E+12,Trapinnewyork44 no bs if he didnâ€™t want it I donâ€™t care how old he was.,SEUgwcdn93_kD5aw8w_SB4AaABAg.8ZqcV1eegQN8Zr303JDNEF,scotaloo7 7g7,1 month ago,1.51104E+12,"+Hal Jordan  Conveniently ignoring all the evidence that proves they're the ones causing this? It's not like there's a report from the DOJ that proves me right or anything.  There's a difference between native americans and other minorities but yeah keep conveniently ignoring everything that proves you wrong. Native americans represent only 1% of California's population and 0.6% of New York's population.
New Mexico is close to the top when it comes to rape, half of the population is hispanic, native americans represent 9% of it's population and its also a blue state. Maybe there's reasons why rape happens. Maybe they have nothing to do with your party. Maybe you should stop lying.",DEUgyhEUWcWILdmrKuUOp4AaABAg.8ZyL-wlQ7EL8Zyr6_1TX_t,Jonathan Xavier,1 month ago,1.511E+12,"Jamie Cox It's clear why wiki leaks only spilled dirt on Hillary and not Trump. Trump has never been, prior to his run for office, a public official. If it's not clear to you, wiki leaks is in the business of exposing political crimes. What were they going to do, expose Trump for being the racist we always knew him to be? I expected better from you Jamie.",DEUgylYkULylq-Rk-_zI54AaABAg.8Zr5cxBMqYQ8Zr9yk4PgWZ,Dream Walker,1 month ago,1.51103E+12,Porkistani spotted.,SEUgxsodgEBOz9TMMDMHN4AaABAg.8ZrG6OfaqV78ZrOM24E51V,Chad Austin,1 month ago,1.51104E+12,"So you find naked babies sexual? Well, that's problematic.

(See? Context matters, bro.)",DCUgxU1z_hA8mzzbuLwGZ4AaABAg,IW Nunn,1 month ago,1.51096E+12,My question is why the masseuse had a bare buttox.  (John groped),SEUgwozx9NkTj5ruO8PBV4AaABAg.8ZvsY_ipQo88Zw8ey2NXYa,luke pearson,1 month ago,1.5106E+12,BM Neither is correct. Stop generalising about an entire ideological group,DCUgwQeG6OwGAw6bThGY14AaABAg.8_BiO02t0tW8_LpblbcyIE,Infinite Sheldon,3 weeks ago,1.51177E+12,"""Were there nuclear weapons during the late 1700's?""  That's the same sad commie argument about fully-automatic weapons, so it's pretty clear where you stand on the 2A.  FREEDUMB!",DCUgyfQjcvTnk-wjfLxRV4AaABAg,King Bladwin IV,1 month ago,1.51E+12,"Lol, heï¿_Ûªs a democrats so Tyt will defend, defend and defend. Tyt excuse is, heï¿_Ûªs a comedian.",SEUgw_3GGVRMwidR6mskJ4AaABAg.8_2_USU253m8_4NsTcWGl2,Sejez,1 month ago,1.51099E+12,"Just like Pol Pot set out to do, how can you build a peaceful society when you are so driven by hatred?",SEUgyXtctrKuLN0Zo2WY54AaABAg.8ZtGrSuka9P8ZtekLWthKw,Poochie Collins,1 month ago,1.51103E+12,@Erika : haha,SEUgzMlJ47X6tjP27BRYF4AaABAg.8_-pgBsTUcA8_-yHE5dwwe,Ivan Esquilin Jr.,1 month ago,1.51E+12,"Actually did a brief search.  I know what you're banking on, the fact that he never said or wrote that he supports the boycott.  However, thanks to that thing the kids use, I summed up his tweets.  Those SUGGEST he supported the boycott of Keurig.",DCUgz4qDicWzmBk-WuTTx4AaABAg,allmapepz,1 month ago,1.5106E+12,"This fool, been this way for years.  You dont get older and then start groping young girls",DCUgweDvYITwxrZSAQv1F4AaABAg,Tammy White,1 month ago,1.51099E+12,"But what did they expect. Simmons has always been a nut job self promoter. Total crazy bonkers womanizer, well known as such. Sex drugs n rock n roll. Living it and making as much money as he can from it. Same today as 25 years ago. Why is this surprising? Cause he's not in Kabuki make up?",DEUgyqKYxnRKOPUpw7cgt4AaABAg.8ZyKzwdEcGn8ZySQgpchcS,joeyab10,1 month ago,1.511E+12,"Lumumba Shakur well it has been proved some were edited and they really didnâ€™t say much, not anything really so what was wrong about what was in them?",SEUgwE-LF8U2RggHgWyUR4AaABAg,MANGO ZOO,1 month ago,1.51104E+12,"No woman should be sexuly abused or raped at all but when you put glasses on and its for just fashion you want people to treat or perceive you as intelligent or smart, when 
You  wear uniform people will  interact with you differently depending on what  uniform is connected to, wear a suit some people will treat you with respect..people do at first interact with people differently becouse the way they dress, if you dress like a hoe you going to treated in that way by men and women with  not much respect, not by everyone  but some women will act  negative towards you and some men sexual ..that's the rwal world we live in , I'm black and if I wear a hoody or a wear my pants bellow my ass people act differently towards me cops, women ect .....",SEUgycNVeFSXmJu4AltiN4AaABAg.8Zt3HK0IMfG8Zt7-btx8qV,Rick Sanchez,1 month ago,1.51104E+12,Shade Bleu Cenk couldn't have given the go ahead on this video,SEUgwBIZnbu5fZapjog2t4AaABAg,Nathan Staats,1 month ago,1.51E+12,this is why we need to get money of out politcs. we need politicians who serve the people not their rich donors,SEUgyys1Myla1bQqhbfT54AaABAg,Karlos Jeffers,3 weeks ago,1.51177E+12,"Lurrrrrve the sound of this!

As a black man, I'm hoping for something similar in the future that will tell me in advance what a black woman's hair actually looks like without all the fake extensions _Ÿ˜‚

Just sayin.....",ACUgwW325wNPoneZQViph4AaABAg.8Zvymy_MmVb8ZwxdQIaX32,Darkjayven,4 weeks ago,1.51E+12,Because Hillary would have a better tax policy.,SEUgzLS5ni5Ev2X0Vhajl4AaABAg.8ZyRKmTpjoQ8ZyRr9V07Sr,Unkown Cool Looking Robot,1 month ago,1.51096E+12,prosperandbehealthy HAHAHAHAHAHA,SEUgwYEGQBQ-9yeRvSlvV4AaABAg.8Zync3LBfmW8Zz5Pe5XfWV,Samantar Samantar,1 month ago,1.51E+12,M Umo So anyone making age of consent 15 would be a pedophile?  If so Swedish people are pedophiles then?,SEUgyM5s9wGWjttb1hwH94AaABAg.8Zx-vEcV3Y88ZyEjjlsesD,JV Cooperative,4 weeks ago,1.51077E+12,Right on.,SEUgxA5g-7KHfMV7Uf8eV4AaABAg.8ZxhxlRP6la8ZxnXeA_HAa,Baku kay,4 weeks ago,1.51077E+12,Harman Khinda time to deport u.,SEUgxPUAvwFVkrEo0_AVB4AaABAg.8_1ZZhJkq7M8_1mIQO2GWY,Drink Water,1 month ago,1.511E+12,"south korea is owned by america, korea was taken over by the west during the korean war",SEUgy04Pl6QXUr2lEUSc54AaABAg.8ZtZP1Mu0yd8ZtpAa4tu0Y,jaycol21,1 month ago,1.51103E+12,"Hasn't been true, EVER.",DCUgykEbw1XGTs0qXjqdR4AaABAg.8_HY5gp3ix88_HcBNPAR9p,EverythingDisney,1 month ago,1.51E+12,Sorry my little brother got on my account. I deleted his comment. So sorry.,SEz23zvjq4crmwh3yh104t1aokguwqvsxuiuf2acoi1mn5bk0h00410.1503343011719445,Kim Jong-un,1 month ago,1.51E+12,"The kkk is the Democratic party . 

Think about.... Democrats love to race bait , and their race baiting right now!!!",SEUgzsZLaoieeTrw6lfgx4AaABAg,4tune8 chance,4 weeks ago,1.51077E+12,"There is a small difference that I think the host is alluding, i.e. one of them is a ""dirty old man"" the other is a sexual predator.",DCUgw6z06gdKsk7cgKvWl4AaABAg.8_BeAISBXGx8_DTt_tXtxj,King of Chaos,3 weeks ago,1.51174E+12,"Sinjin Smyth - EXACTLY!! I agree. This guy needs help! No I donâ€™t, yes I do!",ACUgx-3K4nEk2PcTGc9JV4AaABAg,Dunn Gyllite,1 month ago,1.51104E+12,"Trump on rape: ""...there have been naked people - on both sides...""",SEUgxlgEJ7GbkmWzeKIT14AaABAg,necessaryevil455,1 month ago,1.51103E+12,"I grew up worrying about nuclear war, now I believe that I could live to see the beginning of the extinction of human beings and the world as we know it, without War.",SEUgwieg3cKZBijnpCbOJ4AaABAg,Gasman,1 month ago,1.51103E+12,Cenk loves to Dutch oven his goat.,SEUgw_3GGVRMwidR6mskJ4AaABAg.8_2_USU253m8_4txUwcZDb,PROUD UNAPOLOGETIC LIBERAL,1 month ago,1.51099E+12,dung tran ITS ANIMALS DUDE NOTHING POLITICAL ABOUT WANTING ENDANGERED animals to be alive !!!!!,SEUgwgIxh6gPO9vNfBRvZ4AaABAg.8ZvXYBgzlbF8ZvbsCvH2SM,Karen Piotte,1 month ago,1.51103E+12,agnar150 You have a bot name. I can only assume.,SEUgwPrjIU0if66-4ffWV4AaABAg.8_5W9IjtEqU8_5_VkLgPlY,nexus1g,1 month ago,1.51099E+12,There is nothing logical about gun control.,SEUgxx26YaERprxaoOiRx4AaABAg.8ZrEkUalchw8ZrGyxqEHMG,Teresa Miles,1 month ago,1.51104E+12,Oscar Rodriguez yes she does to make a point..... she also loves to hear herself talk...,SEUgw1Edx4OYziyeCbVmd4AaABAg,Louis Murphy,4 weeks ago,1.51077E+12,Here we go again! White Supremacy being defended by Cenk Uygur. How about Bill Cosby? I don't see pro White Supremacist Cenk Uygur defending old Bill Cosby.,SEUgwSkUsYgjLRLnGXYy94AaABAg.8Zqke7vuigY8Zqo5CkTfGg,Anirudh,1 month ago,1.51103E+12,Plastic Altar I wonder why India didn't have an industrial revolution when the West was having theirs.,SEUgw8sH2HU9mr8Ge5Pzl4AaABAg.8_1cVq98uSW8_1dnboV319,Noiseless Sounds,1 month ago,1.511E+12,no trump is,SEUgy65Vq_xWKHFNus_ul4AaABAg.8Zw5OaueKhE8Zw644iSzMF,Supreme,1 month ago,1.5106E+12,Libi Kavanah - Did you have him do his own research?,SEUgwbGbdvI1LE6X3Vp5B4AaABAg.8_0KSdcfD098_0LjeL5A9Z,Chad Austin,1 month ago,1.511E+12,"You're not on /r/RedPill anymore, bro.",SEUgxmvOCFY59esEXSlBV4AaABAg,Sean Turner,1 month ago,1.511E+12,"Trump calling other people liars, Pot meet kettle.",SEUgwZZ-Lg8VZuWdXrLJJ4AaABAg.8_LbJFu-Js-8_N2nv2ayb8,Andrew Adricatico,1 month ago,1.51E+12,"perkyoranges 2 you need big tits like her
You loser hugless titless commentary",SEUgzAXdJH647zsNLa4gp4AaABAg,Miranda N,1 month ago,1.51104E+12,"Women should ultimately be able to not cover their body and not care about sexual predators, but that's the same kind of point as ""people should ultimately be able to not lock their doors and not care about burglars"". If you choose to wear whatever you want, you should know that that decision can affect the chance of you getting raped in the real world, regardless of your moral argument against rape.",SEUgzCwTl4FT8cigfR-V14AaABAg.8ZtQwJevfjM8ZtXLsZrwV0,Ronald Reed,1 month ago,1.51103E+12,"tony 'too sweet' swann you do know the ""obama"" phone came out during bush right? As for the rest of the mindless drivel you have spewed, its exactly what they've told you but not a lick of truth. 
Please cite where you or anyone can get all that welfare shit your stupid enough to believe actually exists, come on little boy cite...",DCUgwP5jH-B3dcOi2V3P14AaABAg.8Zy_14CB7Aw8ZzeAOUIP8-,Bria,1 month ago,1.51096E+12,"Expert Opinion not every gay man is feminine, but every feminine man is gay. _Ÿ™ƒ_Ÿê¸â˜•",SEUgzilaPefxEry98v8AF4AaABAg.8ZqeZzKi8O98ZqfES4E9m4,Taran Marduk,1 month ago,1.51104E+12,Having money falling out of my pockets and putting my billfold in my front pocket are two different things.,SEUgyZHpRxjTENQfbjI9h4AaABAg,Hoerkelis,1 month ago,1.51099E+12,"Ana cares so little, that she posts a photo without makeup and makes a 6 minute video about how little she cares...",SEUgyDUyMrQfb_FUBxtMZ4AaABAg.8ZybZIqY1B_8Zybk9n8uNs,Hal Jordan,1 month ago,1.51E+12,"Listenbuddy1 
Deflection. Amazing tactic. I__ sure no one will see through it.",SEUgwZ0cXNfzDZaoxY4o54AaABAg,Ana Kasparian Makeup and Inner Beauty Tips Channel,1 month ago,1.51099E+12,"I seriously think this app is like, garbage!",SEUgy2wokL9inpkyX_KWd4AaABAg.8_4Olqkq4rX8_Amm2w12Ne,The Alolan shiny hunter,1 month ago,1.51243E+12,wait i know who you ar........,SEUgxfQx3USlBjTTZJO5h4AaABAg.8_6_hv5UJ-x8_6t3_mnv-4,Joel Arshad,3 weeks ago,1.51138E+12,TCt83067695 Lol! It doesn't matter if you thumb it down! You're still watching it!,SEUgzlGXuwiJuYJC0kOPd4AaABAg.8_AzAPHl8-Y8_SaswyrkVl,Garrett Holland,3 weeks ago,1.51177E+12,"Mablak A law against homicide is a malum in se law, a law against gun ownership is a malum prohibitum law. They are not immediately comparable

Australia didnt have all that many mass shootings before 1996, there is no reason to believe mass shootings would have happened without a change in law. Not to mention they have had a massive increase in mass arsons, and if it were up to me personally I would rather be shot than burned alive.",DCUgydqNh-6EY4uzj8qdh4AaABAg.8_2lW-yBcfU8_6JJuOBMPp,Allen Albright,1 month ago,1.51E+12,"I like Cenk and a couple other people on the show are OK, but let's face it, Ana is not too smart.",SEUgwryiaZSjMNRhbmeat4AaABAg.8ZrfgquJ61l8Zs1PVAjC3I,Vaajid Rehmani,1 month ago,1.51104E+12,Mauri Mela dude relax u gave a compliment that's all I ain't disgusting like others being provocative. She is smart talent and really beautiful,SEUgyk_xhr72q0iskiksJ4AaABAg.8_2g8_lK1BE8_4bHj_OADv,BJ Martin,1 month ago,1.51099E+12,"You do know my statement was sarcasm because we know how insecure and intolerant of looking different and overly left leaning & opinionated she is, right?",SEUgyulD_pohp5RDUve7F4AaABAg.8ZvmAu_SMrq8Zvyn_zRnA-,FiveDollar Penny,1 month ago,1.511E+12,COMRADE DONALD TRUMP Putin Nation is on Big Land!,SEUgxrk4dyEJz5VXj18c14AaABAg.8Zw3O93bdVc8Zw5eGB7rTu,mysticonthehill,1 month ago,1.5106E+12,When did murder stop being a crime?,SEUgwicrFnqvJ3t38gOeh4AaABAg.8Zvrn3khvMV8Zvu0ESOpRn,SteveBern,1 month ago,1.5106E+12,"""Basket of Rapists"".",SEUgxz6PEpu19FcSt1m294AaABAg.8_2prGie21Z8_2zk5FotTt,Mimi Keel,1 month ago,1.51099E+12,I agree.,ACUgxRvQr3JXxaLGrkwY14AaABAg.8ZqkILiS24K8ZsqTRSt6r5,Edgar Nieblas,1 month ago,1.51104E+12,"Joe Smith wow you got me there dammit. . . . . . . . . 



I'm still going to rape your ear and make you more deaf.",SEUgzw8j3ttVeolETi2794AaABAg.8_67_ujjHnM8_6rM1OlnKM,humboldthammer,1 month ago,1.51099E+12,"By then, it will be 20/20 hindsight. Trump is the False Prophet (false profit).",SEUgx2NHTodlGM2B4AVbt4AaABAg,Brett Farve,1 month ago,1.51E+12,Pedophiles n muslims have alot in common its crazy,SEUgwi8nfN0Lhy-2YKBHx4AaABAg.8Zrc9WAx7KY8ZsVPAcsG9G,Brad Smith,1 month ago,1.51104E+12,"+Ahmed Tarek Aisha was 9 years old, that's f*&king pedophile child rape. Go and research the cesspool prophet you believe in.",SEUgyDhS9T4wGo-A-2Ka54AaABAg.8Zxj9uqlwYn8Zy3jtSvTCS,123gwf,4 weeks ago,1.51077E+12,Did you just like your own comment?,SEUgxOVm6ea6unMS1GMF54AaABAg.8_4OD3x_Q268_5nwWkqXTj,ÎùÎ¯ÎºÎ¿Ï‚ Î›Î_Î_Î±ÏÅÎ¬Ï‚,1 month ago,1.51243E+12,GUMBALL AND DARWEN Can i have you're autograph,SEUgx3H7iRABFXE7DJvgV4AaABAg.8_2VagzLimF8_2d24p4UOO,Joe Filter,1 month ago,1.51E+12,Paul Stirneman what assault?!!!,SEUgw_jZFdoG1If3zqNa14AaABAg.8_42vrKcyFJ8_4BWf8Q4ZF,Fabio Silva,1 month ago,1.51099E+12,"Engrish love, use it <3",SEUgw_jZFdoG1If3zqNa14AaABAg.8_42vrKcyFJ8_4AN3Hrzsl,Fabio Silva,1 month ago,1.51099E+12,Your a M ? You look hot (Flushed),SEUgxBQHTQLd4Njx-7BJp4AaABAg.8ZtDYUsXpYf8Zucl6sIzS4,Zotan Inoron,1 month ago,1.51103E+12,"""Netherlands and Sweden were without ANY doubt far better off half a century ago"" - Curt Christensen

Hahahahaha. That's such a terrible troll. 1/10

""Reagan got our economy moving again. DEMS went on a spending spree"" - Curt Christensen

HAH. No. Reagan went on a spending spree with ballooning defense spending that is a financial leech to this day. It is almost like you don't actually know U.S. history? Are you not from the country?",DCUgy5JSr4LjWXPu9a_Mp4AaABAg,Misael Cifuentes,1 month ago,1.51E+12,The most dangerous enemy is the one that pretends to be your friend.,SEUgxoUko6IbJAjTJO0qR4AaABAg.8ZzSnf6joId8ZzVQj0HmLv,SK Wills,1 month ago,1.51096E+12,"Smok, youare racist.",SEUgx_zx0hlgU1u9JQX3x4AaABAg.8ZwCka8Qdka8ZwDZK16cXQ,Be Frank,1 month ago,1.5106E+12,Audry Wise too fat...,SEUgxO5c8Wjg0295OMbEd4AaABAg.8_HPoQFHgSL8_I7Gwrc_JP,Poppy Argo,1 month ago,1.51E+12,thebahooplamaster no. sorry. we all need to starve,SEUgyla3oPc1od5Ytn72d4AaABAg.8ZrLZDXX2Xe8ZrmSRcC4_w,Ankit Khandelwal,1 month ago,1.51103E+12,SB SB United States pollutes 3 times more than India even though India has 7 times more population.,SEUgxBxtA1dVKfEQOFD114AaABAg.8_1ysG4j-K_8_5e94lakPE,liberty2014,1 month ago,1.51103E+12,"Ramon Suarez.Â  ""fewer taxes proportional""... Tax rates should be EQUAL.Â  You pay 1%, the rich should pay 1%!Â  PERIOD!Â  We are not in a communist country!

As for ""bailing out"" of companies.. I am actually on your side on that!Â  I argued, as a conservative, that there was no such thing as ""too big to fail""!Â  It was both insider establishment Republicans and Democrats, who voted for it!",DC/ACUgzIUx33-Fnqhc8ZxFd4AaABAg.8ZvPe8AS9q08ZvTXVVjqGJ,abrantino,1 month ago,1.51103E+12,i like you,SEUgy0ZkTcDpR11o69mOF4AaABAg.8ZqjPSXtwc-8Zqnm88DZtb,Alexander Jones,1 month ago,1.51103E+12,Stop copying sargon.,SEz225x1oopxaafzpf2acdp4330guxxch5ixzn4hfxkhhw03c010c.1503342573116711,WetKid,1 month ago,1.51E+12,"u sound like an idiot. dems only started pandering to blacks because their economic policies (welfare, etc) garnered support from economically impoverished minorities. repubs have always been small govt consevative even when they were northern",SEUgzsCmA-D--BZVdnyEV4AaABAg,Cory ryder,1 month ago,1.511E+12,gold man sachs which 6 members of his team is from?????????? then we got tillerson and others tied to russia along with trump himself,SEUgxu4qJdJtqIO3ZNU_h4AaABAg.8_HjeqWsiYS8_JN7Lb-rWZ,siZeDcuBe,1 month ago,1.51E+12,If it doesn't smell or taste rotten its not rotten regardless of what the sell by date says,SEUgxCNGoI0FDu1Ej7FRl4AaABAg,Blazed and Confused,1 month ago,1.51103E+12,Here we go again. TYT promoting the alt-right once more. If I didn't know any better I'd think you guys want to create and feed racial tensions between fellow human beings.,SEUgwJmLmuKWfLUdWOky54AaABAg.8_HDgHvg_hP8_HaNtE63uX,shamah ford,1 month ago,1.51E+12,Uh oh??,SEUgw0lqzjvbYZV0Xw0F14AaABAg.8_5GL0HnRsu8_5Zripd7sf,adam lane,1 month ago,1.51099E+12,#NAME?,SEUgxRpwnZOAR8K5HHib54AaABAg.8_0FKiBG-568_0c7Pms3s5,Praxis,1 month ago,1.511E+12,"Taran Marduk what has Trump the dump accomplished? Absolutely nothing, of course.",SEUgyUG-VPGg4U1W9cYrJ4AaABAg,Taylor Lee,1 month ago,1.51103E+12,"Absolutely no one on the alt-right said anything about Taylor's music.  Racist left Twitter has been trying to tear her down for a long time, and make up fake stories because being successful and white in 2017 is offensive to people.",SEUgz3zjBU4VEK4GQK5pp4AaABAg.8ZtWvWLhA-98Ztr-jfQUE2,Alexander Gonzalez,1 month ago,1.51103E+12,David Vergara Thatâ€™s actually not 100% true. Would you like a source/proof?,DCUgxox1q6PoZsO0ZIo5N4AaABAg.8_6RKmbtT3Q8_6kci-Ix_9,HScarlet,1 month ago,1.51099E+12,"Do you need cannons and grenades etc? As I said, have at it, if you can afford it, go buy some F-16s, Frigates and have ya self a Trident too. I'm sure if those were around back then, using your logic, Tomas Jefferson would have included that too, along with other ludicrous notions the right have like 'protecting themselves from the government'.

Also I love the irony of your statement, given Trump wants to ban the 1st amendment unless it's something the rights says, and freedom of religion is fine as long as it's Christianity. In fact in general considering how much the republican government loves shitting on other peoples rights and then tries to act like libertarians. 'Rights to own guns and mass murder, but abortions...'.",SEUgxK67uk7jo_riV_Lrl4AaABAg,The Young Texan,1 month ago,1.51099E+12,"A Word To The Wise: ""Don't picture Cameron Diaz without makeup!""",SEUgwTEmkWww_bPFh_TwN4AaABAg.8Zz5UpHY4dd8ZzAM8nclQU,Gavin James,1 month ago,1.51096E+12,grand unified exactly it's a theta 7 requirement!,SEUgx8EuKx1apogDtL4hZ4AaABAg.8_519JPMCxi8_5BJBJY_O4,Mohammad Hussain,1 month ago,1.511E+12,She's got a sour throat? Some panadol/ibuprofen will help her out soon :) - Hopefully :),SEUgwMLp1OehxN6rBT3DJ4AaABAg.8_2YC8RXUE18_2vpj3Prpt,Damian Eadie,1 month ago,1.51E+12,"Evirthewarrior His hands aren't on ANYTHING from what I can see... It's a gesture not a touch. He hasn't just walked up to a stranger and groped their breasts he is messing around with colleagues who he spent a lot of time with. He might me going for a cheap laugh, he might be making her the butt of a joke... He is probably even being a complete prick... But he is not sexually assaulting her.

She is Fox news and took this to Roger Stone (mot the police) who bragged about having this story on Alex Jones show before she went public... I think it's payback from Trump's team for what Franken did to Jeff Session this week, when he eloquently exposed how often Sessions lied about contacts with Russian and their agents. Without her narrative about the kiss - which she consented to - this would be one of those 'nothing burgers'... The photo shows no crime so they need to surround a bad photo with innuendo...   Yet she says she accepts his apology. hmm. ... More to come on this I think.",DCUgxBxtA1dVKfEQOFD114AaABAg.8_1ysG4j-K_8_5dq2UX5XT,liberty2014,1 month ago,1.51103E+12,"Except thatÂ the USA is in a Constitutional FREE REPUBLIC... with EQUAL JUSTICE UNDER THE LAW for EVERYONE, whether you are RICH OR POOR!Â  I don't give a damn what other countries decided to do in regards to violating the liberty, freedom and justice of their citizens!",SEUgynUrUOJSwgHHX7sRJ4AaABAg.8Zw9vmvE_rX8ZwAVeWDCWV,Tereso Flores,1 month ago,1.5106E+12,Garbage reporting everywhere tyt in some cases has done exceptional reporting in some cases so yeah its a penny at a time.,SEUgzwP6yw78tn1xYKUKV4AaABAg.8ZyUJvUwDC-8ZyUuLnRHwt,Black Goku,1 month ago,1.51096E+12,Too funny.,SEz22ich3rjtrfinyngacdp430hlb4hglrk42d3juhe4tw03c010c.1503328589503224,John D'oh,1 month ago,1.51E+12,Says the mentally pathetic inbred fascist imbecile.,DCUgztYsPEIm2BZNnoM5F4AaABAg.8Zyf28R9b0p8Zyrv4jsn4n,Ka_Pe_De,1 month ago,1.511E+12,and rightfully so when Ana is just regurgitating DNC talking points,SEUgxfX7wpTYiFvC5z8_J4AaABAg.8ZwbK0NvGjA8ZwdD0HGmp2,imnotgaybut20is20,4 weeks ago,1.51077E+12,Kathy B Free Time republican alt right did. The true libertarian conservatives dont. Dont lump big government republican rights to true conservatives. Thats like comparing liberals to leftists,SEUgyDk1_1f3oRaxX4Bed4AaABAg.8_HUyf978Qh8_HyLouLKNT,gpglicious,1 month ago,1.51E+12,"you can totally cook with it, in fact, some recipes are better with sour milk",SEUgzZvPyQbFG8fhHbnLN4AaABAg,KvltLarp Warrior,1 month ago,1.51E+12,NOW I BE TWIRLIN MY DIKK AROUND NIGGAS,SEz22oftlgzp3ftxaxs04t1aokg2jhlncrysbq31yjgbeurk0h00410.1503342122066515,Littos Alive,1 month ago,1.51E+12,"Jean Doe17 you sure about that? he didn't want to take the Speaker of the House job and swore to his wife that it would be the last political job he'd ever take. I'm not anti Paul Ryan at all but if your heart ain't it ,I don't see him being an effect leader.",DCUgw7CwenJjL1Gi3IyNt4AaABAg.8_-k-GXzkVJ8_-pNwXX_sM,Larry Stran,1 month ago,1.51E+12,LOL_ YOU READ MY CHIT ANYWAY__ KNOW DIDNT YOU._ RETARDS WORRYED ABOUT CAPS. LIKE LITTLE THINGS THAT BOTHER PEOPLE LEAD TO BIGGER PROPLEM IN THERE LIVES. SORRY MY CAPS GOT YOU BENT.,SEUgx--5cHP-FFspgZsNx4AaABAg.8Zw8I8ubwjN8ZxZ-pV_Mv7,Tanja Buchholz,4 weeks ago,1.51077E+12,This is hilarious. Like a company cares if you trash their product. People can be so painfully ridiculous,SEUgwxPl6fsh2xeu4B2mp4AaABAg,Addison,1 month ago,1.511E+12,Wikileaks is not you friend wake up.,SEUgy2wokL9inpkyX_KWd4AaABAg.8_4Olqkq4rX8_EzbrGz1_t,Alex Drake,1 month ago,1.51243E+12,FAT TURKEY,SEUgyXtctrKuLN0Zo2WY54AaABAg.8ZtGrSuka9P8ZtUmm93ovQ,manhunt48,1 month ago,1.51103E+12,Grow up.,SEUgyJHkBFBoZ-Skym4PF4AaABAg.8ZvzGkcBuJE8Zw-94P1XIE,Shark Wave,1 month ago,1.51E+12,"portalplayer

He barely talked about his tax plan on the campaign trail. It was all about him being tough on Islam, the border, and against trade deals. That's what they voted for obviously. If you look at the polls, 58% support raising taxes on the wealthy.",SEUgxR7UpuegJ22fGe9154AaABAg.8ZvylhxT50w8Zw1dPVOUVQ,Duane Locsin,1 month ago,1.51E+12,DrChin Strap affluenza.,SEUgzyDTNHX_LdcBrREKV4AaABAg,Juan Lee,1 month ago,1.51E+12,Thanks alot adam i ate sum expired food andnow i cant stop throwing up and taking a shit,SEUgxwaSDAE0LOaMvu2bF4AaABAg.8_6h0U0BxPL8_7Sd7Zo-It,I support the gay agenda,1 month ago,1.51099E+12,No I get l my license out of my purse and hand it to the cop.  I'm a woman btw I make men like you cucks.,DCUgyfJri6uC1ieYwJ2Lx4AaABAg.8ZyXlbfz6Xp8Zyab0XkntM,OctobersVeryOwn2477,1 month ago,1.51096E+12,James Eslick oh because you were there when those teen age girls werenâ€™t sexually abused. Callate la boca.,SEUgxl6y0_bNs2Dcd18-F4AaABAg.8_0XLdD_wLA8_0pRPYroUi,Freely Liberal,1 month ago,1.511E+12,"Lol, typical rednecks.  The US doesn't sell the F22 or aircraft carriers, 2 of its best assets.  Also, Russia/India have far superior missile technology while the US is still stuck with the ancient Tomahawk.  Mind you, the 'Murica no. 1s have declined of late on my travels.  They must be tired.",DCUgyjmnjbhRxUXN4ov2R4AaABAg,Create Harmony,3 weeks ago,1.51174E+12,Masseur if it was a man. Masseuse for a woman. Or Massage Therapist in this day and age..............,SEUgy_o-uDUV6SfYfmeYB4AaABAg.8Zqcu9mfQMZ8ZqfB3RhIPt,nahuelkid,1 month ago,1.51104E+12,"Puritan Calvinist 

Oh pardon me sir. Its just that im a lost soul in this bleak, cruel world. 
Seriously though, your words are so stock that is kinda hard to tell if  you are for real.

Edit: well then have us men only wear suits and formal trousers. Cant let those women and gays be  distracted and compelled towards rape.",SEUgzZGD2ZdbxBl838-C14AaABAg.8ZwYFHvwla-8ZwgCKQ5lRP,waterandafter,4 weeks ago,1.51077E+12,Connecting murderous dictators because they are murderous dictators because of ta'rumps love for them isn't so hard to do.,SEUgy4SYaSN7EbDiY_x4d4AaABAg.8ZqeMkphPDL8ZqggQN3Cxr,arbitrarable,1 month ago,1.51104E+12,I,SEUgzD3ezc_OOpHBF6KLZ4AaABAg,Static Core,4 weeks ago,1.51077E+12,Too many Philipinos defending this monster in the comments... Wonder how many are living in the U.S. and why?,SEUgxU6sMeyvQdez-dPsx4AaABAg.8_6_rqkSbj78_6im9j59XJ,Buzzcraft Productions,1 month ago,1.51099E+12,DEEPLY opposed to adding more. We already have them.,DEUgy1b5AGohN12oxKNtd4AaABAg.8_JT4GaaeIp8_NSdqtKzDG,Local Meme Dealer,1 month ago,1.51E+12,I dont listen to expiration dates. I read them.,SEUgwXs24d8vmcCR3FtWt4AaABAg.8ZyRXIM-zlA8ZyRpxPD5RU,Hal Jordan,1 month ago,1.51096E+12,"BL4CK KN1G8T 
The guy was banned from a mall, because he preys upon children, yet you still defend him. Sick.",DCUgw7UYBXBM8ArB1Umal4AaABAg.8ZrCAnWy_mo8ZrmbLGCUgF,Ankit Khandelwal,1 month ago,1.51103E+12,rurutu M United States pollutes 3 times more than India even though India has 7 times more population.,SEUgxoYTazMtwp-aV-kXp4AaABAg,Randy H,1 month ago,1.51E+12,Bye Felicia!,SEUgzaNpii8Fte3U9DSal4AaABAg.8ZvrzdleusS8Zw04Ri2usL,saquille Ahem,1 month ago,1.5106E+12,EnlightenedVerse Ara yoo gay boy !?,SEz22ix1sq0n3ginwklacdp434src0lpt541jvwdcejzhw03c010c.1503330218361519,Tychoxi,1 month ago,1.51E+12,Juke Tolson Bernie has been helping black folks since the civil rigts era,SEUgwOdWD6WK57rM55pZJ4AaABAg.8_2_i4CMmRT8_4yGYVeRpx,Bathrobe Battousai,1 month ago,1.51099E+12,"Vegan4life Iâ€™ll last at least five months on my own. More than likely much longer but five, nearly six months is what Iâ€™ve had to do so far in my life. Did it more than once, having to live off the land because of major hurricane damage shutting down all access to food water and and other resource. You might not last a couple days but some of us still know how to survive without the help of mommy and daddy.",SEUgwhhF3SZf-rarztiBZ4AaABAg.8_5KgZTGvbO8_5L2yP89a2,Kevin Montrond,1 month ago,1.51099E+12,Raiku anime thinks we should just give just to criminals and let it slide.,SEUgzNiZiEvHHTe_lePpZ4AaABAg.8_7-YMUE-0G8_9X3C-1iPn,1911GreaterThanALL,4 weeks ago,1.51117E+12,"Jrsydvl 
universal background checks in the state of nv violates state law as those checks are not put through the state database and thus violates state law.",SEUgzzNPGHw2cbtMKDgyp4AaABAg.8_-CUsrFfrv8_-D22fnZMM,naywahn,1 month ago,1.51096E+12,"Augustus Johnston 
Kermit is Asian...",SEUgw5Eq-PqjBhsvmybxh4AaABAg.8Zqq7HPzd3K8ZrH73W8en9,Jonathan Rose,1 month ago,1.51104E+12,She was trying to dance around the Muslim/Arab problem.,SEUgw3O0dkjZj0NELviUp4AaABAg.8ZymkadCXLQ8ZyqERJ0Aqi,takethegate,1 month ago,1.51E+12,"The legal, medical or psychological definition?",SEUgzG9Xj4Sg7nX0Kt77t4AaABAg.8_5fA_6DLQg8_7bHzHMtZ7,Gmontgalloway,1 month ago,1.51099E+12,"The accurate analogy would be to have a DUI enforcement checkpoint, and just let some of the drivers through for no reason.  Then when they go on to crash and kill someone, saying ""We need another DUI law!  There aren't enough DUI laws!"",  instead of actually addressing the issue that enforcement was the problem.
A law has no meaning unless it is enforced.
And I think you meant foolproof*, which kind of indicates that you're a fool.",SEUgynmY5W1g0Z4QOQYdR4AaABAg,Reptillianbobcat,1 month ago,1.51103E+12,"Honestly if not for the alt-left, the alt-right wouldn't exist in its current form, it would still be a fringe joke, but nooooooo, the left had to play into their narrative, thanks for that_Ÿ˜’",SEUgzGmyCa_aZMfCbvI654AaABAg.8_5m-4DXgRV8_5qwoHAZSb,keriezy,1 month ago,1.51099E+12,Artem S <<<---- what he said,ACUgwdUsQLy4RdwBVOdXl4AaABAg.8_-5DcxyBWj8_-68_-IBhD,Tungus Grump,1 month ago,1.51096E+12,"No. It's a natural variation in human genetics. Probably a genetic check on overpopulation. Conservatism, on the other hand, IS a mental illness.",DCUgyewjOPiHyQ0eRUjvV4AaABAg.8_2UnFGQWy48_62kbJmGWR,Total Water,1 month ago,1.51E+12,"""how did you get from woman being sexual assulted to silance of freedom of speech?""
- I listed these highly subjective and invented notions as examples of 'fantasy world' shit.",SEUgyyDRj5c3qOFOcRu_x4AaABAg.8Zw5Q2PQxZY8Zw9AMAooY7,V. P,1 month ago,1.5106E+12,No he grabbed her ass dumbass,DCUgyZE6R-UkFQGY3SQUB4AaABAg.8ZyXAEejOAU8ZyZDmS5Uz0,RedRobot,1 month ago,1.51096E+12,Torn Tokoroa shiny Flotzel was my first shiny PokÃ©mon,SEUgxY1epBSOIYHO6RleN4AaABAg.8_7GO9X-VMU8_9l_y4h70H,1911GreaterThanALL,4 weeks ago,1.51117E+12,"President Snatchgrabber 
No the bar for legalizing more types of firearms it has been an average of semi auto or slower rates of fire since 1934.",DCUgyYT8adNJZRFlinl1d4AaABAg.8ZwTxDeeLWE8ZxFK1Gu4OP,chocolateking1,4 weeks ago,1.51077E+12,True. I worked in a senior house and an old 87 year old lady slapped my ass. I didnâ€™t get butt hurt and call the news stations to denounce her... because sheâ€™s sick. I actually thought it was funny. Itâ€™s not a big deal.,ACUgx6Q2DJeDpcxhAjnc94AaABAg.8_5Mmy8I_Ns8_6DHCM8WJu,ãƒ–ãƒ_ãƒ_ãƒ‡ã‚£ãƒ–ãƒ©ãƒƒã‚¯,1 month ago,1.51099E+12,Ronin Dave Freedom to kill.,SEUgxmxHrV9pj7llxYin94AaABAg,Ethan Rouse,1 month ago,1.51096E+12,"Why do so many people not tell the police right after this stuff happens? Why do they wait? Yes, they may feel embarrassed about it, but that is why to try to make it not get out to the public.",DEUgxMgocc69Dk4qy7u-54AaABAg,james lawman,1 month ago,1.51E+12,I knew that.,SEUgx--5cHP-FFspgZsNx4AaABAg.8Zw8I8ubwjN8ZwiuhyV_O5,MrGoodkat,4 weeks ago,1.51077E+12,kel Bel    It actually HELPS them by advertising their products.,SEz22cghnqgsvgfhxof04t1aokgmphje2hyegtefvfxklrbk0h00410.1503365463457374,Mablak,1 month ago,1.51E+12,"Trump supporters voted for someone who believes climate change is a Chinese hoax. Never in my life would I vote for someone that ignorant of basic reality, and the same would go for almost any progressive. Big difference in the intelligence level of each side.",DEUgymblYBjUmj3hZ1ozp4AaABAg.8_2AHQHayfW8_4hVhaLhgU,Zed1967,1 month ago,1.511E+12,"Typical Trump Supporter: ''I'd like you to meet my partner and my daughter''. 
One woman.",SEUgwTloZEAaKBSA42bW94AaABAg.8Zr3h79gQK-8Zr4V5ccF_k,Alders Moon,1 month ago,1.51104E+12,Stop distracting from the issue being talked about. If you want to report on how Trumpsters get harassed then make a video. You're a hypocrite for equating the two issues in such a way to strip the importance of the current issue being discussed.,SEUgwGtUR7qe0raGvz_sF4AaABAg.8Zwsti5vxh_8ZwtGz_guOe,Melissa S,4 weeks ago,1.51077E+12,"Will Wright Actually Iâ€™m a black girl and when someone groped me I didnâ€™t say anything either. So it doesnâ€™t matter your race, age, or gender. Anyone can be intimidated by someone more powerful who is abusing their power.",DCUgyDI3zoxVg2xIY8FTZ4AaABAg.8_2XJfC58Wm8_2xEUcIUtc,ToBe Fair,1 month ago,1.51E+12,"MrLeermeister you should change your name to MuddySwampScum... because you still see this as a left/right rep/dem issue - when this is clearly a SEX ABUSE VICTIM CREDIBILITY issue. this woman is a woman-hater and hannity buddy, what more you need? her tongue on you? professional liars like this shameless bitch muddy the water of public awareness, cast doubt on real accusers, cheapen the real victims of uber predators like trump and weinstein and roy moore. why do you defend the devils? how much roger stone paid you to fake your crocodile tears to defend this indefensible hannity-sucking trumputin poison tongue bitch?",DCUgy8MaePpO72fVlwWPd4AaABAg,Ritu Parikh,1 month ago,1.51104E+12,"Women, it's our national duty to slaughter the men who would have us, our mothers, our sisters, and our daughter raped.",SEUgxF8b2mHD8uKg-rnAV4AaABAg,J Briggs,1 month ago,1.51103E+12,"all the recent sexual misconduct allegations of late have given me the courage to step forward.  10 years ago, when I was only a little boy but the age of 19, Cenk uygur rested his hand on my knee (in what I took as a sexual manner) and pressured me to drink 7/11 nacho cheese with him.  After that I don't remember anything I just blacked out.  I hope other victims will have the courage to come forward.",SEUgyyUede7bSLvNcs8Lt4AaABAg.8_5OW3cxRwX8_5SXfZ3Bi5,SJP,1 month ago,1.51099E+12,bangmeister2012  Guns still get smuggled in.  There was a scandal a few years back about guns and drugs being muled by staff members of the Royal Australian Navy!  Our own Navy ships were being used to transport those items!,SEUgytUOE627hk8atp3Ol4AaABAg.8Zt1annYx_78Zt2u2SelxV,Don Wald,1 month ago,1.51104E+12,reported for hate speech.,SEz23iitij1xrjgb43racdp43a101lig0x2tsd11jyx05w03c010c.1503331312411999,RV B,1 month ago,1.51E+12,"Angel Rojo ABSOLUTE BEAUTIFUL TRUTH !!! AND THE REPOOPLICANS ARE STILL DOING IT !!! SHUTTING DOWN UNIONS... VOTING AGAINST THEIR OWN Interestsäó† IN WAGES, HEALTH AND EDUCATION...they are the victims of their own racism !!!",ACUgyaP2080S7yhBK032B4AaABAg.8_2Cv1rB1lw8_2EyhAJhiv,Vaness AntifaFan,1 month ago,1.511E+12,not according to wikipedia.,DCUgx--5cHP-FFspgZsNx4AaABAg.8Zw8I8ubwjN8ZxMUkZfX4c,X XENON,4 weeks ago,1.51077E+12,kel Bel typical trumpanzee logic,SEUgygFnWFWxWwzAVf5T94AaABAg.8_0Z8pbrvcJ8_1-Z--JTjU,RichOrElse,1 month ago,1.511E+12,name any christian countries,SEUgxCLUMLtHuOhOos59t4AaABAg,Bill Dickey,4 weeks ago,1.51113E+12,Travolta touches men constantly and Scientology keeps people quit..along with Travolta you can put Tom Cruise on this list.,SEUgzrgfUOm3oAN8Cuivx4AaABAg.8_HMbRQInon8_P3nf79-AO,Michescu,1 month ago,1.51E+12,UnPhayzable i drank some radioactive waste a milisecond past its expiration date and i turned into a human so.....,SEUgzwsD6LF-SWV6rgPUR4AaABAg.8Zyb-YxB6bn8ZzFujiRswI,Edward Moran,1 month ago,1.51E+12,"What little girls Bernie Losers, all those Women making accusations are are old.",SEUgxOLdeOBG8pA9G1fM94AaABAg.8Zya9RE2jWd8ZyaXK1DqKR,realCevra,1 month ago,1.51096E+12,"nope, masseuse is a female masseur, that's how both the english language works, and the french one too where those words stem from. but right when i posted that i heard cenk clarifying ana's mistake, so nm",DCUgxFcl6amff0kTb9dVR4AaABAg.8ZyO57QXd9P8ZyrsjUsDIb,Ron Szekely,1 month ago,1.511E+12,"What makes you think heâ€™s complacent? Heâ€™s not. There are a few different issues here: a.) Did Russia try to meddle in the election? And if so, is that a big deal? Of course, the answer to both questions is a resounding yes. No one here takes that lightly. Itâ€™s a very, very big deal. b.) Did Russia actually succeed in affecting outcome of the election? Itâ€™s not clear. Thereâ€™s no evidence so far that Russiaâ€™s actions had any impact on the election outcome. c.) Were the Podesta leaks a â€œviolation of privacyâ€ù? Yes. But no more so than any other leak. Everything in those emails contained information that voters were entitled to know (including the fact that the Dem Party was less than neutral during the primary).",DCUgyf_cr2vVUc8mbcHvN4AaABAg,juan gomez,1 month ago,1.51104E+12,That's a very weird concept of patriotism.,SEUgwzq_gbvewEG29-Y2d4AaABAg,stephanie cust,2 weeks ago,1.51238E+12,It's Gene Simon's for Christ sakes LMAO!!! he's been offensive his whole life you think he's gonna stop for Fox....maybe he was taking pot shots at Donald Duck _Ÿ˜‰_Ÿ˜˜ _Ÿ˜è,SEUgw2FtGjuJ3LgOZlXkV4AaABAg,Cettywise,1 month ago,1.51104E+12,"Sorry, but in a way you're not in control. I've tried to fight back a hard-on... It's nearly impossible. Now admittedly what I choose to do with it is all me, but saying women's bodies are overly sexualized is a bit silly. It's only natural to want sex. I'm obviously talking about consentual sex...",SEUgy6t_3tp7O0fxr6emN4AaABAg.8_2UshShI338_2eoHUVres,The Brocialist,1 month ago,1.51E+12,"Moore is a pedophile. Even if the allegations against Franken are legit, they pale in comparison to a 30+ year-old man raping teenage girls.",SEUgxpri6NpBwSJzL3cxR4AaABAg,MaGarthur,1 month ago,1.51E+12,"Disgusting behavior rightfully condemned by all Democrats. There will now be an investigation that Franken himself called for and will cooperate with. The actress has accepted his apology. This will forever change my opinion of Franken. However, to the idiot right wingers, this is nowhere near the same level we saw with someone like Roy Moore. Not even in the same area code.",DEUgwPcbcl1I4ZwYKAXuZ4AaABAg,Kevin Richey,1 month ago,1.51099E+12,Wow... his priorities are tremendous.,SEUgwBU2N_7GUCFdgrILB4AaABAg.8_2tm7Np46W8_2xaCErHCz,Oscar Rodriguez,1 month ago,1.51099E+12,"All women im america wear makeup... even if its ""natural"" or small amount of it",SEUgwpzN7eussy2xsRFqh4AaABAg.8_6VH8LS7YR8_bjp-GAM1v,RichWitGame,2 weeks ago,1.51238E+12,"Listening to them talk about guns, is the equivalent of listening to fish talking about driving cars.",SEUgxBUSZ0zKdzzfli_sZ4AaABAg,The Iranian Liberal,1 month ago,1.511E+12,Why not sell them? We need to get them off our hands somehow.,SEUgy3ld1Tiy36NWVYOmh4AaABAg.8ZqdtPbaiNk8Zqe58QHM8E,Kevin Montrond,1 month ago,1.51104E+12,Because rape is something only feminists talk about.,SEUgxyikW5bRd5ZImCPHp4AaABAg.8ZtVoNCBEWK8ZtglfKJXh9,Kim Jong-un,1 month ago,1.51103E+12,Middle class is a combined income of 75k a year .,SEUgzDUsVhcN9HG93_6RJ4AaABAg.8_2Ub99LGov8_2c0XL4Zx9,Turk,1 month ago,1.51E+12,"edgehill66 rubbish - do you have ANY proof that a bottom pat leads to paedophelia/rape? of course you don't. I've been patted and pinched on the bottom(as well as had bananas eaten in front of me in an extremely sexual manner & been told to wear different underwear after having my ass felt etc etc) and none of those FEMALE colleagues went onto to commit or be charged with paedophilic acts or rape.
ps and i never said anyone ""should shut up about assault"" stop putting words in my mouth comment to suit your agenda.",DCUgwooiytE3sZGl1oIb54AaABAg.8Zr5_dbvf0P8ZrCUAlbyt3,rurutu M,1 month ago,1.51103E+12,More like burn more clean garbage,SEUgwNKJMExNa0hmJpikx4AaABAg,trier2123241243,1 month ago,1.51104E+12,"Too bad he dosn't live in the states, he could have ran for president or at least a Republican state senetor",SEUgzCtpvAD6k0veqOw5p4AaABAg,Jacob 007,1 month ago,1.51099E+12,"I'm white that's a white privileges SMH, racism in America never end enough...",SEUgwP1pSOzxpZjlv_owh4AaABAg.8ZztYT3Qq6E8ZzwAnh1ltb,John Hillman,1 month ago,1.51096E+12,Now Ana wants the frisson,SE